INSERT INTO `t_s_function` (`ID`, `functioniframe`, `functionlevel`, `functionname`, `functionorder`, `functionurl`, `parentfunctionid`, `iconid`, `desk_iconid`, `functiontype`) VALUES ('402848814d1c8e30014d1c904bb80001', NULL, 0, '风险预警', '15', '', NULL, '8a8ab0b246dc81120146dc8180460000', '8a8ab0b246dc81120146dc8180dd001e', 0);
INSERT INTO `t_s_function` (`ID`, `functioniframe`, `functionlevel`, `functionname`, `functionorder`, `functionurl`, `parentfunctionid`, `iconid`, `desk_iconid`, `functiontype`) VALUES ('402848814d1c8e30014d1c9122b10003', NULL, 1, '渠道预警', '1', 'channelComplaintController.do?channelComplaint', '402848814d1c8e30014d1c904bb80001', '8a8ab0b246dc81120146dc8180460000', '8a8ab0b246dc81120146dc8180dd001e', 0);
INSERT INTO `t_s_function` (`ID`, `functioniframe`, `functionlevel`, `functionname`, `functionorder`, `functionurl`, `parentfunctionid`, `iconid`, `desk_iconid`, `functiontype`) VALUES ('402848814d1c8e30014d1c9191020005', NULL, 1, '全量预警', '2', 'fullComplaintController.do?fullComplaint', '402848814d1c8e30014d1c904bb80001', '8a8ab0b246dc81120146dc8180460000', '8a8ab0b246dc81120146dc8180dd001e', 0);
INSERT INTO `t_s_function` (`ID`, `functioniframe`, `functionlevel`, `functionname`, `functionorder`, `functionurl`, `parentfunctionid`, `iconid`, `desk_iconid`, `functiontype`) VALUES ('402848814d1c8e30014d1c91e8d80007', NULL, 1, '省份启停', '3', 'proviceCloseStateController.do?proviceCloseState', '402848814d1c8e30014d1c904bb80001', '8a8ab0b246dc81120146dc8180460000', '8a8ab0b246dc81120146dc8180dd001e', 0);
truncate table t_s_document;
truncate table t_s_type;
truncate table t_s_typegroup;
INSERT INTO `t_s_typegroup` (`ID`, `typegroupcode`, `typegroupname`) VALUES ('297e201047e95ee30147e9ba56ce0009', 'orgtype', 'common.org.type');
INSERT INTO `t_s_typegroup` (`ID`, `typegroupcode`, `typegroupname`) VALUES ('402848814cb6974b014cb69ab2120001', 'state', '状态');
INSERT INTO `t_s_typegroup` (`ID`, `typegroupcode`, `typegroupname`) VALUES ('402848814cb6974b014cb69b1edb0003', 'closeState', '关停状态');
INSERT INTO `t_s_typegroup` (`ID`, `typegroupcode`, `typegroupname`) VALUES ('402848814cd563f4014cd5690c43000b', 'taskState', '短信任务状态');
INSERT INTO `t_s_typegroup` (`ID`, `typegroupcode`, `typegroupname`) VALUES ('402848814cd563f4014cd56ac0d90013', 'sendType', '短信任务发送类型');
INSERT INTO `t_s_typegroup` (`ID`, `typegroupcode`, `typegroupname`) VALUES ('402848814cd563f4014cd56eceb30019', 'bool', 'bool变量');
INSERT INTO `t_s_typegroup` (`ID`, `typegroupcode`, `typegroupname`) VALUES ('402848814ce57629014ce58b69b40001', 'sendResult', 'ddo消息发送结果');
INSERT INTO `t_s_typegroup` (`ID`, `typegroupcode`, `typegroupname`) VALUES ('402848814ce57629014ce5948a2a000d', 'billState', '计费状态');
INSERT INTO `t_s_typegroup` (`ID`, `typegroupcode`, `typegroupname`) VALUES ('402848814d1dec3d014d1e2090bb000e', 'retMsgcode', '返回消息编码');
INSERT INTO `t_s_typegroup` (`ID`, `typegroupcode`, `typegroupname`) VALUES ('402880884883eff401488415cbb60027', 'smsTplType', '模板类型');
INSERT INTO `t_s_typegroup` (`ID`, `typegroupcode`, `typegroupname`) VALUES ('402881e946e71f5f0146e73619bb0002', 'lang', 'common.mutilang');
INSERT INTO `t_s_typegroup` (`ID`, `typegroupcode`, `typegroupname`) VALUES ('8a8ab0b246dc81120146dc8181aa0056', 'icontype', 'common.icon.type');
INSERT INTO `t_s_typegroup` (`ID`, `typegroupcode`, `typegroupname`) VALUES ('8a8ab0b246dc81120146dc8181b10057', 'order', 'lang.order.type');
INSERT INTO `t_s_typegroup` (`ID`, `typegroupcode`, `typegroupname`) VALUES ('8a8ab0b246dc81120146dc8181b50058', 'custom', 'lang.customer.type');
INSERT INTO `t_s_typegroup` (`ID`, `typegroupcode`, `typegroupname`) VALUES ('8a8ab0b246dc81120146dc8181b90059', 'service', 'lang.service.item.type');
INSERT INTO `t_s_typegroup` (`ID`, `typegroupcode`, `typegroupname`) VALUES ('8a8ab0b246dc81120146dc8181bc005a', 'searchmode', 'common.query.module');
INSERT INTO `t_s_typegroup` (`ID`, `typegroupcode`, `typegroupname`) VALUES ('8a8ab0b246dc81120146dc8181c0005b', 'yesorno', 'common.logic.condition');
INSERT INTO `t_s_typegroup` (`ID`, `typegroupcode`, `typegroupname`) VALUES ('8a8ab0b246dc81120146dc8181c3005c', 'fieldtype', 'field.type');
INSERT INTO `t_s_typegroup` (`ID`, `typegroupcode`, `typegroupname`) VALUES ('8a8ab0b246dc81120146dc8181c6005d', 'database', 'common.data.table');
INSERT INTO `t_s_typegroup` (`ID`, `typegroupcode`, `typegroupname`) VALUES ('8a8ab0b246dc81120146dc8181ca005e', 'fieltype', 'common.document.category');
INSERT INTO `t_s_typegroup` (`ID`, `typegroupcode`, `typegroupname`) VALUES ('8a8ab0b246dc81120146dc8181cd005f', 'sex', 'common.sex.type');
INSERT INTO `t_s_typegroup` (`ID`, `typegroupcode`, `typegroupname`) VALUES ('8a8ab0ba487c527201487c7732790019', 'dbtype', 'common.dbtype');
INSERT INTO `t_s_typegroup` (`ID`, `typegroupcode`, `typegroupname`) VALUES ('f852d85d47ed64a40147ed70894c0003', 'rulecon', '规则条件');
INSERT INTO `t_s_type` (`ID`, `typecode`, `typename`, `typepid`, `typegroupid`) VALUES ('297e201047e95ee30147e9baab5c000b', '1', 'common.company', NULL, '297e201047e95ee30147e9ba56ce0009');
INSERT INTO `t_s_type` (`ID`, `typecode`, `typename`, `typepid`, `typegroupid`) VALUES ('297e201047e95ee30147e9baef97000d', '2', 'common.department', NULL, '297e201047e95ee30147e9ba56ce0009');
INSERT INTO `t_s_type` (`ID`, `typecode`, `typename`, `typepid`, `typegroupid`) VALUES ('297e201047e95ee30147e9bb1210000f', '3', 'common.position', NULL, '297e201047e95ee30147e9ba56ce0009');
INSERT INTO `t_s_type` (`ID`, `typecode`, `typename`, `typepid`, `typegroupid`) VALUES ('402848814cb6974b014cb69c35240005', '1', '启用', NULL, '402848814cb6974b014cb69ab2120001');
INSERT INTO `t_s_type` (`ID`, `typecode`, `typename`, `typepid`, `typegroupid`) VALUES ('402848814cb6974b014cb69c53a00007', '0', '禁用', NULL, '402848814cb6974b014cb69ab2120001');
INSERT INTO `t_s_type` (`ID`, `typecode`, `typename`, `typepid`, `typegroupid`) VALUES ('402848814cb6974b014cb69c8c870009', '1', '关停', NULL, '402848814cb6974b014cb69b1edb0003');
INSERT INTO `t_s_type` (`ID`, `typecode`, `typename`, `typepid`, `typegroupid`) VALUES ('402848814cb6974b014cb69cb14f000b', '0', '正常', NULL, '402848814cb6974b014cb69b1edb0003');
INSERT INTO `t_s_type` (`ID`, `typecode`, `typename`, `typepid`, `typegroupid`) VALUES ('402848814cd563f4014cd569d21e000d', '0', '未发送', NULL, '402848814cd563f4014cd5690c43000b');
INSERT INTO `t_s_type` (`ID`, `typecode`, `typename`, `typepid`, `typegroupid`) VALUES ('402848814cd563f4014cd56a07b6000f', '1', '正在发送', NULL, '402848814cd563f4014cd5690c43000b');
INSERT INTO `t_s_type` (`ID`, `typecode`, `typename`, `typepid`, `typegroupid`) VALUES ('402848814cd563f4014cd56a3b7b0011', '2', '已发送', NULL, '402848814cd563f4014cd5690c43000b');
INSERT INTO `t_s_type` (`ID`, `typecode`, `typename`, `typepid`, `typegroupid`) VALUES ('402848814cd563f4014cd56afe8f0015', '1', '立即发送', NULL, '402848814cd563f4014cd56ac0d90013');
INSERT INTO `t_s_type` (`ID`, `typecode`, `typename`, `typepid`, `typegroupid`) VALUES ('402848814cd563f4014cd56b29b90017', '2', '定时发送', NULL, '402848814cd563f4014cd56ac0d90013');
INSERT INTO `t_s_type` (`ID`, `typecode`, `typename`, `typepid`, `typegroupid`) VALUES ('402848814cd563f4014cd56f0b81001b', '1', '是', NULL, '402848814cd563f4014cd56eceb30019');
INSERT INTO `t_s_type` (`ID`, `typecode`, `typename`, `typepid`, `typegroupid`) VALUES ('402848814cd563f4014cd56f2753001d', '0', '否', NULL, '402848814cd563f4014cd56eceb30019');
INSERT INTO `t_s_type` (`ID`, `typecode`, `typename`, `typepid`, `typegroupid`) VALUES ('402848814ce57629014ce58c070d0003', '0', '未发送', NULL, '402848814ce57629014ce58b69b40001');
INSERT INTO `t_s_type` (`ID`, `typecode`, `typename`, `typepid`, `typegroupid`) VALUES ('402848814ce57629014ce58c3a2b0005', '1', '发送成功', NULL, '402848814ce57629014ce58b69b40001');
INSERT INTO `t_s_type` (`ID`, `typecode`, `typename`, `typepid`, `typegroupid`) VALUES ('402848814ce57629014ce58c8fc70007', '2', '号码对应省份被关停', NULL, '402848814ce57629014ce58b69b40001');
INSERT INTO `t_s_type` (`ID`, `typecode`, `typename`, `typepid`, `typegroupid`) VALUES ('402848814ce57629014ce58cd5bc0009', '3', '发送失败', NULL, '402848814ce57629014ce58b69b40001');
INSERT INTO `t_s_type` (`ID`, `typecode`, `typename`, `typepid`, `typegroupid`) VALUES ('402848814ce57629014ce58db035000b', '4', '未到到业务编号', NULL, '402848814ce57629014ce58b69b40001');
INSERT INTO `t_s_type` (`ID`, `typecode`, `typename`, `typepid`, `typegroupid`) VALUES ('402848814ce57629014ce5952ac9000f', '00000000', '成功', NULL, '402848814ce57629014ce5948a2a000d');
INSERT INTO `t_s_type` (`ID`, `typecode`, `typename`, `typepid`, `typegroupid`) VALUES ('402848814ce57629014ce5958e3e0011', '00530001', '版本不匹配', NULL, '402848814ce57629014ce5948a2a000d');
INSERT INTO `t_s_type` (`ID`, `typecode`, `typename`, `typepid`, `typegroupid`) VALUES ('402848814ce57629014ce595e8290013', '00530002', '未授权的接口调用', NULL, '402848814ce57629014ce5948a2a000d');
INSERT INTO `t_s_type` (`ID`, `typecode`, `typename`, `typepid`, `typegroupid`) VALUES ('402848814ce57629014ce59626cf0015', '00530004', '时间戳已经过期', NULL, '402848814ce57629014ce5948a2a000d');
INSERT INTO `t_s_type` (`ID`, `typecode`, `typename`, `typepid`, `typegroupid`) VALUES ('402848814ce57629014ce59665ae0017', '00530005', '非法的连接源IP地址', NULL, '402848814ce57629014ce5948a2a000d');
INSERT INTO `t_s_type` (`ID`, `typecode`, `typename`, `typepid`, `typegroupid`) VALUES ('402848814ce57629014ce596b3f00019', '00530012', '请求消息格式错误', NULL, '402848814ce57629014ce5948a2a000d');
INSERT INTO `t_s_type` (`ID`, `typecode`, `typename`, `typepid`, `typegroupid`) VALUES ('402848814ce57629014ce596f14d001b', '00539999', '系统内部错误', NULL, '402848814ce57629014ce5948a2a000d');
INSERT INTO `t_s_type` (`ID`, `typecode`, `typename`, `typepid`, `typegroupid`) VALUES ('402848814cff40a4014cff5109ab0040', '3', '发送失败', NULL, '402848814cd563f4014cd5690c43000b');
INSERT INTO `t_s_type` (`ID`, `typecode`, `typename`, `typepid`, `typegroupid`) VALUES ('402848814d1dec3d014d1e235a820010', '00000000', '成功', NULL, '402848814d1dec3d014d1e2090bb000e');
INSERT INTO `t_s_type` (`ID`, `typecode`, `typename`, `typepid`, `typegroupid`) VALUES ('402848814d1dec3d014d1e2398d70012', '00530001', '版本不匹配', NULL, '402848814d1dec3d014d1e2090bb000e');
INSERT INTO `t_s_type` (`ID`, `typecode`, `typename`, `typepid`, `typegroupid`) VALUES ('402848814d1dec3d014d1e23d2710014', '00530002', '未授权的接口调用', NULL, '402848814d1dec3d014d1e2090bb000e');
INSERT INTO `t_s_type` (`ID`, `typecode`, `typename`, `typepid`, `typegroupid`) VALUES ('402848814d1dec3d014d1e2421e80016', '00530003', '认证码错误', NULL, '402848814d1dec3d014d1e2090bb000e');
INSERT INTO `t_s_type` (`ID`, `typecode`, `typename`, `typepid`, `typegroupid`) VALUES ('402848814d1dec3d014d1e246e870018', '00530004', '时间戳已经过期', NULL, '402848814d1dec3d014d1e2090bb000e');
INSERT INTO `t_s_type` (`ID`, `typecode`, `typename`, `typepid`, `typegroupid`) VALUES ('402848814d1dec3d014d1e24abfd001a', '00530005', '非法的连接源IP地址', NULL, '402848814d1dec3d014d1e2090bb000e');
INSERT INTO `t_s_type` (`ID`, `typecode`, `typename`, `typepid`, `typegroupid`) VALUES ('402848814d1dec3d014d1e24e717001c', '00530006', '接入账号已经失效', NULL, '402848814d1dec3d014d1e2090bb000e');
INSERT INTO `t_s_type` (`ID`, `typecode`, `typename`, `typepid`, `typegroupid`) VALUES ('402848814d1dec3d014d1e260876001e', '00530007', '请求已超SLA速..', NULL, '402848814d1dec3d014d1e2090bb000e');
INSERT INTO `t_s_type` (`ID`, `typecode`, `typename`, `typepid`, `typegroupid`) VALUES ('402848814d1dec3d014d1e26ebbd0020', '00530008', '已超SLA请求速..', NULL, '402848814d1dec3d014d1e2090bb000e');
INSERT INTO `t_s_type` (`ID`, `typecode`, `typename`, `typepid`, `typegroupid`) VALUES ('402848814d1dec3d014d1e2765360022', '00530009', '已超SLA请求速..', NULL, '402848814d1dec3d014d1e2090bb000e');
INSERT INTO `t_s_type` (`ID`, `typecode`, `typename`, `typepid`, `typegroupid`) VALUES ('402848814d1dec3d014d1e27af1f0024', '00530010', '已超每日调用最大次数', NULL, '402848814d1dec3d014d1e2090bb000e');
INSERT INTO `t_s_type` (`ID`, `typecode`, `typename`, `typepid`, `typegroupid`) VALUES ('402848814d1dec3d014d1e27fc2d0026', '00530011', '已超每日调用最大次数', NULL, '402848814d1dec3d014d1e2090bb000e');
INSERT INTO `t_s_type` (`ID`, `typecode`, `typename`, `typepid`, `typegroupid`) VALUES ('402848814d1dec3d014d1e2839a80028', '00530012', '请求消息格式错误', NULL, '402848814d1dec3d014d1e2090bb000e');
INSERT INTO `t_s_type` (`ID`, `typecode`, `typename`, `typepid`, `typegroupid`) VALUES ('402848814d1dec3d014d1e286fd6002a', '00530054', '无效产品标识', NULL, '402848814d1dec3d014d1e2090bb000e');
INSERT INTO `t_s_type` (`ID`, `typecode`, `typename`, `typepid`, `typegroupid`) VALUES ('402848814d1dec3d014d1e28b87c002c', '00539999', '系统内部错误', NULL, '402848814d1dec3d014d1e2090bb000e');
INSERT INTO `t_s_type` (`ID`, `typecode`, `typename`, `typepid`, `typegroupid`) VALUES ('402848814d1dec3d014d1e2912f4002e', '00530046', '渠道号非法', NULL, '402848814d1dec3d014d1e2090bb000e');
INSERT INTO `t_s_type` (`ID`, `typecode`, `typename`, `typepid`, `typegroupid`) VALUES ('402848814d1dec3d014d1e2951240030', '00530080', '已超出每日消费限额', NULL, '402848814d1dec3d014d1e2090bb000e');
INSERT INTO `t_s_type` (`ID`, `typecode`, `typename`, `typepid`, `typegroupid`) VALUES ('402880884883eff4014884180bf80029', '1', '蔷薇七村', NULL, '402880884883eff401488415cbb60027');
INSERT INTO `t_s_type` (`ID`, `typecode`, `typename`, `typepid`, `typegroupid`) VALUES ('402881e946e71f5f0146e736c4e80008', 'en', 'common.english', NULL, '402881e946e71f5f0146e73619bb0002');
INSERT INTO `t_s_type` (`ID`, `typecode`, `typename`, `typepid`, `typegroupid`) VALUES ('402881e946e71f5f0146e740dcad0012', 'zh-cn', 'common.chinese', NULL, '402881e946e71f5f0146e73619bb0002');
INSERT INTO `t_s_type` (`ID`, `typecode`, `typename`, `typepid`, `typegroupid`) VALUES ('8a8ab0b246dc81120146dc8181f30060', '2', 'menu.icon', NULL, '8a8ab0b246dc81120146dc8181aa0056');
INSERT INTO `t_s_type` (`ID`, `typecode`, `typename`, `typepid`, `typegroupid`) VALUES ('8a8ab0b246dc81120146dc8181f70061', '1', 'system.icon', NULL, '8a8ab0b246dc81120146dc8181aa0056');
INSERT INTO `t_s_type` (`ID`, `typecode`, `typename`, `typepid`, `typegroupid`) VALUES ('8a8ab0b246dc81120146dc8181fa0062', 'files', 'common.attachment', NULL, '8a8ab0b246dc81120146dc8181ca005e');
INSERT INTO `t_s_type` (`ID`, `typecode`, `typename`, `typepid`, `typegroupid`) VALUES ('8a8ab0b246dc81120146dc8181fe0063', '1', 'lang.excellent.order', NULL, '8a8ab0b246dc81120146dc8181b10057');
INSERT INTO `t_s_type` (`ID`, `typecode`, `typename`, `typepid`, `typegroupid`) VALUES ('8a8ab0b246dc81120146dc8182010064', '2', 'lang.normal.order', NULL, '8a8ab0b246dc81120146dc8181b10057');
INSERT INTO `t_s_type` (`ID`, `typecode`, `typename`, `typepid`, `typegroupid`) VALUES ('8a8ab0b246dc81120146dc8182050065', '1', 'lang.contract.customer', NULL, '8a8ab0b246dc81120146dc8181b50058');
INSERT INTO `t_s_type` (`ID`, `typecode`, `typename`, `typepid`, `typegroupid`) VALUES ('8a8ab0b246dc81120146dc8182080066', '2', 'lang.normal.customer', NULL, '8a8ab0b246dc81120146dc8181b50058');
INSERT INTO `t_s_type` (`ID`, `typecode`, `typename`, `typepid`, `typegroupid`) VALUES ('8a8ab0b246dc81120146dc81820b0067', '1', 'lang.special.servcie', NULL, '8a8ab0b246dc81120146dc8181b90059');
INSERT INTO `t_s_type` (`ID`, `typecode`, `typename`, `typepid`, `typegroupid`) VALUES ('8a8ab0b246dc81120146dc8182100068', '2', 'lang.normal.service', NULL, '8a8ab0b246dc81120146dc8181b90059');
INSERT INTO `t_s_type` (`ID`, `typecode`, `typename`, `typepid`, `typegroupid`) VALUES ('8a8ab0b246dc81120146dc8182130069', 'single', 'common.single.condition.query', NULL, '8a8ab0b246dc81120146dc8181bc005a');
INSERT INTO `t_s_type` (`ID`, `typecode`, `typename`, `typepid`, `typegroupid`) VALUES ('8a8ab0b246dc81120146dc818216006a', 'group', 'common.scope.query', NULL, '8a8ab0b246dc81120146dc8181bc005a');
INSERT INTO `t_s_type` (`ID`, `typecode`, `typename`, `typepid`, `typegroupid`) VALUES ('8a8ab0b246dc81120146dc81821a006b', 'Y', 'common.yes', NULL, '8a8ab0b246dc81120146dc8181c0005b');
INSERT INTO `t_s_type` (`ID`, `typecode`, `typename`, `typepid`, `typegroupid`) VALUES ('8a8ab0b246dc81120146dc81821d006c', 'N', 'common.no', NULL, '8a8ab0b246dc81120146dc8181c0005b');
INSERT INTO `t_s_type` (`ID`, `typecode`, `typename`, `typepid`, `typegroupid`) VALUES ('8a8ab0b246dc81120146dc818221006d', 'Integer', 'common.db.integer', NULL, '8a8ab0b246dc81120146dc8181c3005c');
INSERT INTO `t_s_type` (`ID`, `typecode`, `typename`, `typepid`, `typegroupid`) VALUES ('8a8ab0b246dc81120146dc818224006e', 'Date', 'common.db.date', NULL, '8a8ab0b246dc81120146dc8181c3005c');
INSERT INTO `t_s_type` (`ID`, `typecode`, `typename`, `typepid`, `typegroupid`) VALUES ('8a8ab0b246dc81120146dc818227006f', 'String', 'common.db.string', NULL, '8a8ab0b246dc81120146dc8181c3005c');
INSERT INTO `t_s_type` (`ID`, `typecode`, `typename`, `typepid`, `typegroupid`) VALUES ('8a8ab0b246dc81120146dc81822b0070', 'Long', 'common.db.long', NULL, '8a8ab0b246dc81120146dc8181c3005c');
INSERT INTO `t_s_type` (`ID`, `typecode`, `typename`, `typepid`, `typegroupid`) VALUES ('8a8ab0b246dc81120146dc81822f0071', 'act', 'common.workflow.engine.table', NULL, '8a8ab0b246dc81120146dc8181c6005d');
INSERT INTO `t_s_type` (`ID`, `typecode`, `typename`, `typepid`, `typegroupid`) VALUES ('8a8ab0b246dc81120146dc8182320072', 't_s', 'common.system.table', NULL, '8a8ab0b246dc81120146dc8181c6005d');
INSERT INTO `t_s_type` (`ID`, `typecode`, `typename`, `typepid`, `typegroupid`) VALUES ('8a8ab0b246dc81120146dc8182350073', 't_b', 'common.business.table', NULL, '8a8ab0b246dc81120146dc8181c6005d');
INSERT INTO `t_s_type` (`ID`, `typecode`, `typename`, `typepid`, `typegroupid`) VALUES ('8a8ab0b246dc81120146dc8182390074', 't_p', 'common.customer.engine.table', NULL, '8a8ab0b246dc81120146dc8181c6005d');
INSERT INTO `t_s_type` (`ID`, `typecode`, `typename`, `typepid`, `typegroupid`) VALUES ('8a8ab0b246dc81120146dc81823c0075', 'news', 'common.news', NULL, '8a8ab0b246dc81120146dc8181ca005e');
INSERT INTO `t_s_type` (`ID`, `typecode`, `typename`, `typepid`, `typegroupid`) VALUES ('8a8ab0b246dc81120146dc8182400076', '0', 'common.male', NULL, '8a8ab0b246dc81120146dc8181cd005f');
INSERT INTO `t_s_type` (`ID`, `typecode`, `typename`, `typepid`, `typegroupid`) VALUES ('8a8ab0b246dc81120146dc8182430077', '1', 'common.female', NULL, '8a8ab0b246dc81120146dc8181cd005f');
INSERT INTO `t_s_type` (`ID`, `typecode`, `typename`, `typepid`, `typegroupid`) VALUES ('8a8ab0ba487c527201487c7863ec001b', 'oracle', 'common.oracle', NULL, '8a8ab0ba487c527201487c7732790019');
INSERT INTO `t_s_type` (`ID`, `typecode`, `typename`, `typepid`, `typegroupid`) VALUES ('8a8ab0ba487c527201487c78aefc001d', 'sqlserver2008', 'common.sqlserver2008', NULL, '8a8ab0ba487c527201487c7732790019');
INSERT INTO `t_s_type` (`ID`, `typecode`, `typename`, `typepid`, `typegroupid`) VALUES ('8a8ab0ba487c527201487c78fbb5001f', 'mysql', 'common.mysql', NULL, '8a8ab0ba487c527201487c7732790019');
INSERT INTO `t_s_type` (`ID`, `typecode`, `typename`, `typepid`, `typegroupid`) VALUES ('f852d85d47ed64a40147ed71f6b40005', '>', '大于', NULL, 'f852d85d47ed64a40147ed70894c0003');
INSERT INTO `t_s_type` (`ID`, `typecode`, `typename`, `typepid`, `typegroupid`) VALUES ('f852d85d47ed64a40147ed72a9dc0007', '>=', '大于等于', NULL, 'f852d85d47ed64a40147ed70894c0003');
INSERT INTO `t_s_type` (`ID`, `typecode`, `typename`, `typepid`, `typegroupid`) VALUES ('f852d85d47ed64a40147ed750e1c0009', '<', '小于', NULL, 'f852d85d47ed64a40147ed70894c0003');
INSERT INTO `t_s_type` (`ID`, `typecode`, `typename`, `typepid`, `typegroupid`) VALUES ('f852d85d47ed64a40147ed753b6f000b', '<=', '小于等于', NULL, 'f852d85d47ed64a40147ed70894c0003');
INSERT INTO `t_s_type` (`ID`, `typecode`, `typename`, `typepid`, `typegroupid`) VALUES ('f852d85d47ed64a40147ed75afe5000d', '=', '等于', NULL, 'f852d85d47ed64a40147ed70894c0003');
INSERT INTO `t_s_type` (`ID`, `typecode`, `typename`, `typepid`, `typegroupid`) VALUES ('f852d85d47ed64a40147ed75ed62000f', 'IN', '包含', NULL, 'f852d85d47ed64a40147ed70894c0003');
INSERT INTO `t_s_type` (`ID`, `typecode`, `typename`, `typepid`, `typegroupid`) VALUES ('f852d85d47ed64a40147ed7638b20011', 'LIKE', '模糊', NULL, 'f852d85d47ed64a40147ed70894c0003');
INSERT INTO `t_s_type` (`ID`, `typecode`, `typename`, `typepid`, `typegroupid`) VALUES ('f852d85d47ed64a40147ed767c240013', '!=', '不等于', NULL, 'f852d85d47ed64a40147ed70894c0003');